window,start_year,end_year,indicator_name,lag,valid_days_count,correlation
2000-2006,2000,2006,PAYEMS,-14,1759,0.7393391092111543
2000-2006,2000,2006,PAYEMS,-13,1759,0.7387918059188178
2000-2006,2000,2006,PAYEMS,-12,1759,0.7382828248259612
2000-2006,2000,2006,PAYEMS,-11,1759,0.7377144095267649
2000-2006,2000,2006,PAYEMS,-10,1759,0.7371112117253694
2000-2006,2000,2006,PAYEMS,-9,1759,0.7364828095829256
2000-2006,2000,2006,PAYEMS,-8,1759,0.7359138959251558
2000-2006,2000,2006,PAYEMS,-7,1759,0.7352767537280039
2000-2006,2000,2006,PAYEMS,-6,1759,0.7346463966592555
2000-2006,2000,2006,PAYEMS,-5,1759,0.734008396844844
2000-2006,2000,2006,PAYEMS,-4,1759,0.7334116263837814
2000-2006,2000,2006,PAYEMS,-3,1759,0.7328175545124932
2000-2006,2000,2006,PAYEMS,-2,1759,0.7322229545302839
2000-2006,2000,2006,PAYEMS,-1,1759,0.7316087161263494
2000-2006,2000,2006,PAYEMS,0,1759,0.7309563878258457
2000-2006,2000,2006,PAYEMS,1,1758,0.7313557546333457
2000-2006,2000,2006,PAYEMS,2,1757,0.7314458890371105
2000-2006,2000,2006,PAYEMS,3,1756,0.7313395358918403
2000-2006,2000,2006,PAYEMS,4,1755,0.7312204637786998
2000-2006,2000,2006,PAYEMS,5,1754,0.7311167544224801
2000-2006,2000,2006,PAYEMS,6,1753,0.7313049311933956
2000-2006,2000,2006,PAYEMS,7,1752,0.7314785318153463
2000-2006,2000,2006,PAYEMS,8,1751,0.7315950466067817
2000-2006,2000,2006,PAYEMS,9,1750,0.7317566659875397
2000-2006,2000,2006,PAYEMS,10,1749,0.7320217040227823
2000-2006,2000,2006,PAYEMS,11,1748,0.7322691223847055
2000-2006,2000,2006,PAYEMS,12,1747,0.7324759267500539
2000-2006,2000,2006,PAYEMS,13,1746,0.7327207463504749
2000-2006,2000,2006,PAYEMS,14,1745,0.7329005152081909
2001-2007,2001,2007,PAYEMS,-14,1758,0.9389792051687454
2001-2007,2001,2007,PAYEMS,-13,1758,0.9390091944672656
2001-2007,2001,2007,PAYEMS,-12,1758,0.9390337777594213
2001-2007,2001,2007,PAYEMS,-11,1758,0.9390482752936914
2001-2007,2001,2007,PAYEMS,-10,1758,0.9390418051042972
2001-2007,2001,2007,PAYEMS,-9,1758,0.9389957351707269
2001-2007,2001,2007,PAYEMS,-8,1758,0.9389795987750295
2001-2007,2001,2007,PAYEMS,-7,1758,0.938948413318895
2001-2007,2001,2007,PAYEMS,-6,1758,0.9389155673153572
2001-2007,2001,2007,PAYEMS,-5,1758,0.9388704218807478
2001-2007,2001,2007,PAYEMS,-4,1758,0.9388341266991785
2001-2007,2001,2007,PAYEMS,-3,1758,0.9388122891500429
2001-2007,2001,2007,PAYEMS,-2,1758,0.9387870303222696
2001-2007,2001,2007,PAYEMS,-1,1758,0.9387263150921117
2001-2007,2001,2007,PAYEMS,0,1758,0.93865980335733
2001-2007,2001,2007,PAYEMS,1,1758,0.9386030438620921
2001-2007,2001,2007,PAYEMS,2,1758,0.938517953502991
2001-2007,2001,2007,PAYEMS,3,1758,0.9384184699193857
2001-2007,2001,2007,PAYEMS,4,1758,0.9383293621825176
2001-2007,2001,2007,PAYEMS,5,1758,0.9382223066081394
2001-2007,2001,2007,PAYEMS,6,1758,0.9381165946723643
2001-2007,2001,2007,PAYEMS,7,1758,0.9380065362295492
2001-2007,2001,2007,PAYEMS,8,1758,0.9379074248013771
2001-2007,2001,2007,PAYEMS,9,1758,0.9378171522153262
2001-2007,2001,2007,PAYEMS,10,1758,0.9377191396535981
2001-2007,2001,2007,PAYEMS,11,1758,0.9376150041874759
2001-2007,2001,2007,PAYEMS,12,1758,0.937524491729289
2001-2007,2001,2007,PAYEMS,13,1758,0.9374350990817408
2001-2007,2001,2007,PAYEMS,14,1758,0.937344494057857
2002-2008,2002,2008,PAYEMS,-14,1763,0.9136172280372002
2002-2008,2002,2008,PAYEMS,-13,1763,0.9128973003900015
2002-2008,2002,2008,PAYEMS,-12,1763,0.9120705771251699
2002-2008,2002,2008,PAYEMS,-11,1763,0.9111841478744596
2002-2008,2002,2008,PAYEMS,-10,1763,0.9103105071695877
2002-2008,2002,2008,PAYEMS,-9,1763,0.909470113990593
2002-2008,2002,2008,PAYEMS,-8,1763,0.9086237638329543
2002-2008,2002,2008,PAYEMS,-7,1763,0.9077638109468936
2002-2008,2002,2008,PAYEMS,-6,1763,0.906874331097522
2002-2008,2002,2008,PAYEMS,-5,1763,0.9059054973328721
2002-2008,2002,2008,PAYEMS,-4,1763,0.9049050257269247
2002-2008,2002,2008,PAYEMS,-3,1763,0.9039451895281612
2002-2008,2002,2008,PAYEMS,-2,1763,0.9030495932654945
2002-2008,2002,2008,PAYEMS,-1,1763,0.902148055643173
2002-2008,2002,2008,PAYEMS,0,1763,0.9012458552931946
2002-2008,2002,2008,PAYEMS,1,1763,0.9005425343557717
2002-2008,2002,2008,PAYEMS,2,1763,0.8998059091917555
2002-2008,2002,2008,PAYEMS,3,1763,0.8990348812366435
2002-2008,2002,2008,PAYEMS,4,1763,0.8982127073981836
2002-2008,2002,2008,PAYEMS,5,1763,0.8973634011189507
2002-2008,2002,2008,PAYEMS,6,1763,0.8965419596260928
2002-2008,2002,2008,PAYEMS,7,1763,0.8956786388818148
2002-2008,2002,2008,PAYEMS,8,1763,0.8947450990338102
2002-2008,2002,2008,PAYEMS,9,1763,0.8938342837770592
2002-2008,2002,2008,PAYEMS,10,1763,0.8929452388456318
2002-2008,2002,2008,PAYEMS,11,1763,0.8920017587771066
2002-2008,2002,2008,PAYEMS,12,1763,0.8910638813780748
2002-2008,2002,2008,PAYEMS,13,1763,0.8900995559603855
2002-2008,2002,2008,PAYEMS,14,1763,0.889160024285781
2003-2009,2003,2009,PAYEMS,-14,1763,0.8547985638853304
2003-2009,2003,2009,PAYEMS,-13,1763,0.8536419238229785
2003-2009,2003,2009,PAYEMS,-12,1763,0.8523842663027288
2003-2009,2003,2009,PAYEMS,-11,1763,0.8510217639864553
2003-2009,2003,2009,PAYEMS,-10,1763,0.8496411715087289
2003-2009,2003,2009,PAYEMS,-9,1763,0.8483369543015031
2003-2009,2003,2009,PAYEMS,-8,1763,0.8469968524333145
2003-2009,2003,2009,PAYEMS,-7,1763,0.8456141486439661
2003-2009,2003,2009,PAYEMS,-6,1763,0.8442129868306142
2003-2009,2003,2009,PAYEMS,-5,1763,0.8426917824513684
2003-2009,2003,2009,PAYEMS,-4,1763,0.841177733250349
2003-2009,2003,2009,PAYEMS,-3,1763,0.8396785891918532
2003-2009,2003,2009,PAYEMS,-2,1763,0.8383029496356805
2003-2009,2003,2009,PAYEMS,-1,1763,0.8369122251266253
2003-2009,2003,2009,PAYEMS,0,1763,0.8354813497342162
2003-2009,2003,2009,PAYEMS,1,1763,0.8340494004898666
2003-2009,2003,2009,PAYEMS,2,1763,0.8326358373939439
2003-2009,2003,2009,PAYEMS,3,1763,0.83120688642085
2003-2009,2003,2009,PAYEMS,4,1763,0.8296961161988416
2003-2009,2003,2009,PAYEMS,5,1763,0.8281543366902668
2003-2009,2003,2009,PAYEMS,6,1763,0.8266409500655973
2003-2009,2003,2009,PAYEMS,7,1763,0.8250878893137749
2003-2009,2003,2009,PAYEMS,8,1763,0.8234637227432376
2003-2009,2003,2009,PAYEMS,9,1763,0.8218426476817846
2003-2009,2003,2009,PAYEMS,10,1763,0.8202750826258115
2003-2009,2003,2009,PAYEMS,11,1763,0.8186606521725402
2003-2009,2003,2009,PAYEMS,12,1763,0.817041282947458
2003-2009,2003,2009,PAYEMS,13,1763,0.8153850947884966
2003-2009,2003,2009,PAYEMS,14,1763,0.8137528384075523
2004-2010,2004,2010,PAYEMS,-14,1763,0.6783759065404799
2004-2010,2004,2010,PAYEMS,-13,1763,0.6767368131518869
2004-2010,2004,2010,PAYEMS,-12,1763,0.6749794618603421
2004-2010,2004,2010,PAYEMS,-11,1763,0.6730960855337548
2004-2010,2004,2010,PAYEMS,-10,1763,0.6711918758061324
2004-2010,2004,2010,PAYEMS,-9,1763,0.6693908521982154
2004-2010,2004,2010,PAYEMS,-8,1763,0.6675340796086308
2004-2010,2004,2010,PAYEMS,-7,1763,0.66562119641057
2004-2010,2004,2010,PAYEMS,-6,1763,0.6636776133066064
2004-2010,2004,2010,PAYEMS,-5,1763,0.661580946139524
2004-2010,2004,2010,PAYEMS,-4,1763,0.659484208671363
2004-2010,2004,2010,PAYEMS,-3,1763,0.6574087045775514
2004-2010,2004,2010,PAYEMS,-2,1763,0.655495748205549
2004-2010,2004,2010,PAYEMS,-1,1763,0.6535619768317809
2004-2010,2004,2010,PAYEMS,0,1763,0.6515749941414882
2004-2010,2004,2010,PAYEMS,1,1763,0.6495773535456528
2004-2010,2004,2010,PAYEMS,2,1763,0.6476142283712538
2004-2010,2004,2010,PAYEMS,3,1763,0.6456576879918344
2004-2010,2004,2010,PAYEMS,4,1763,0.6435971528137489
2004-2010,2004,2010,PAYEMS,5,1763,0.6415180620211786
2004-2010,2004,2010,PAYEMS,6,1763,0.6394528074447282
2004-2010,2004,2010,PAYEMS,7,1763,0.6373464504014419
2004-2010,2004,2010,PAYEMS,8,1763,0.6351595727135434
2004-2010,2004,2010,PAYEMS,9,1763,0.6329621082340956
2004-2010,2004,2010,PAYEMS,10,1763,0.6308399490081105
2004-2010,2004,2010,PAYEMS,11,1763,0.6286703324134277
2004-2010,2004,2010,PAYEMS,12,1763,0.626487912538023
2004-2010,2004,2010,PAYEMS,13,1763,0.624279980617232
2004-2010,2004,2010,PAYEMS,14,1763,0.6221150016555281
2005-2011,2005,2011,PAYEMS,-14,1763,0.4850528677895644
2005-2011,2005,2011,PAYEMS,-13,1763,0.482669382635973
2005-2011,2005,2011,PAYEMS,-12,1763,0.48016845118218215
2005-2011,2005,2011,PAYEMS,-11,1763,0.4775366252186708
2005-2011,2005,2011,PAYEMS,-10,1763,0.4748948916895711
2005-2011,2005,2011,PAYEMS,-9,1763,0.47236502808087055
2005-2011,2005,2011,PAYEMS,-8,1763,0.4697878000635428
2005-2011,2005,2011,PAYEMS,-7,1763,0.4671381936403015
2005-2011,2005,2011,PAYEMS,-6,1763,0.4644739800332754
2005-2011,2005,2011,PAYEMS,-5,1763,0.4616446297980134
2005-2011,2005,2011,PAYEMS,-4,1763,0.4587983451749153
2005-2011,2005,2011,PAYEMS,-3,1763,0.45597668529254165
2005-2011,2005,2011,PAYEMS,-2,1763,0.45330267153056236
2005-2011,2005,2011,PAYEMS,-1,1763,0.45060095099725167
2005-2011,2005,2011,PAYEMS,0,1763,0.44783882630792654
2005-2011,2005,2011,PAYEMS,1,1763,0.4451328281632612
2005-2011,2005,2011,PAYEMS,2,1763,0.4425110710485233
2005-2011,2005,2011,PAYEMS,3,1763,0.43989627004878235
2005-2011,2005,2011,PAYEMS,4,1763,0.4371598402692563
2005-2011,2005,2011,PAYEMS,5,1763,0.4344039629219727
2005-2011,2005,2011,PAYEMS,6,1763,0.4316680859355231
2005-2011,2005,2011,PAYEMS,7,1763,0.4288999807915732
2005-2011,2005,2011,PAYEMS,8,1763,0.426048378208562
2005-2011,2005,2011,PAYEMS,9,1763,0.4231814003386729
2005-2011,2005,2011,PAYEMS,10,1763,0.42037121279088285
2005-2011,2005,2011,PAYEMS,11,1763,0.41751581517184505
2005-2011,2005,2011,PAYEMS,12,1763,0.41466315395234316
2005-2011,2005,2011,PAYEMS,13,1763,0.41177764603105055
2005-2011,2005,2011,PAYEMS,14,1763,0.40892592654821236
2006-2012,2006,2012,PAYEMS,-14,1761,0.4400588030135332
2006-2012,2006,2012,PAYEMS,-13,1761,0.4371536834209176
2006-2012,2006,2012,PAYEMS,-12,1761,0.43414125922570845
2006-2012,2006,2012,PAYEMS,-11,1761,0.43101384539046567
2006-2012,2006,2012,PAYEMS,-10,1761,0.42786384269592387
2006-2012,2006,2012,PAYEMS,-9,1761,0.42481489917152393
2006-2012,2006,2012,PAYEMS,-8,1761,0.42170866790067085
2006-2012,2006,2012,PAYEMS,-7,1761,0.41853344090429684
2006-2012,2006,2012,PAYEMS,-6,1761,0.41534866282854555
2006-2012,2006,2012,PAYEMS,-5,1761,0.4120215708500967
2006-2012,2006,2012,PAYEMS,-4,1761,0.4086841120948542
2006-2012,2006,2012,PAYEMS,-3,1761,0.40535067833958544
2006-2012,2006,2012,PAYEMS,-2,1761,0.4021570433023167
2006-2012,2006,2012,PAYEMS,-1,1761,0.3989358507210228
2006-2012,2006,2012,PAYEMS,0,1761,0.3956612176331789
2006-2012,2006,2012,PAYEMS,1,1761,0.3924379177507547
2006-2012,2006,2012,PAYEMS,2,1761,0.3892903609285505
2006-2012,2006,2012,PAYEMS,3,1761,0.3861584164756795
2006-2012,2006,2012,PAYEMS,4,1761,0.38290722880624745
2006-2012,2006,2012,PAYEMS,5,1761,0.3796439127663022
2006-2012,2006,2012,PAYEMS,6,1761,0.3763985640819246
2006-2012,2006,2012,PAYEMS,7,1761,0.37312273783867533
2006-2012,2006,2012,PAYEMS,8,1761,0.36977251346411116
2006-2012,2006,2012,PAYEMS,9,1761,0.3664085237426534
2006-2012,2006,2012,PAYEMS,10,1761,0.3630861590011038
2006-2012,2006,2012,PAYEMS,11,1761,0.35972396893562325
2006-2012,2006,2012,PAYEMS,12,1761,0.35634504928520777
2006-2012,2006,2012,PAYEMS,13,1761,0.35292146729466195
2006-2012,2006,2012,PAYEMS,14,1761,0.34953462571525695
2007-2013,2007,2013,PAYEMS,-14,1762,0.5502159972596885
2007-2013,2007,2013,PAYEMS,-13,1762,0.547307897171809
2007-2013,2007,2013,PAYEMS,-12,1762,0.5443221168202776
2007-2013,2007,2013,PAYEMS,-11,1762,0.5412629596412893
2007-2013,2007,2013,PAYEMS,-10,1762,0.5381831389982777
2007-2013,2007,2013,PAYEMS,-9,1762,0.5351694456387883
2007-2013,2007,2013,PAYEMS,-8,1762,0.5321146174672293
2007-2013,2007,2013,PAYEMS,-7,1762,0.5290018504740823
2007-2013,2007,2013,PAYEMS,-6,1762,0.5258786489591337
2007-2013,2007,2013,PAYEMS,-5,1762,0.5226623132857332
2007-2013,2007,2013,PAYEMS,-4,1762,0.5194383632817016
2007-2013,2007,2013,PAYEMS,-3,1762,0.516212223298219
2007-2013,2007,2013,PAYEMS,-2,1762,0.51308812380517
2007-2013,2007,2013,PAYEMS,-1,1762,0.5099447653616603
2007-2013,2007,2013,PAYEMS,0,1762,0.5067687848770688
2007-2013,2007,2013,PAYEMS,1,1762,0.5036579860080472
2007-2013,2007,2013,PAYEMS,2,1762,0.5006003985952981
2007-2013,2007,2013,PAYEMS,3,1762,0.49754728482312094
2007-2013,2007,2013,PAYEMS,4,1762,0.4944135802143997
2007-2013,2007,2013,PAYEMS,5,1762,0.4912662240371769
2007-2013,2007,2013,PAYEMS,6,1762,0.48811995014544624
2007-2013,2007,2013,PAYEMS,7,1762,0.48495693035490134
2007-2013,2007,2013,PAYEMS,8,1762,0.4817285519291052
2007-2013,2007,2013,PAYEMS,9,1762,0.478489103074966
2007-2013,2007,2013,PAYEMS,10,1762,0.4752660082550329
2007-2013,2007,2013,PAYEMS,11,1762,0.47201907735157517
2007-2013,2007,2013,PAYEMS,12,1762,0.4687720547900386
2007-2013,2007,2013,PAYEMS,13,1762,0.4654903738871774
2007-2013,2007,2013,PAYEMS,14,1762,0.4622366605186729
2008-2014,2008,2014,PAYEMS,-14,1763,0.7600353337826766
2008-2014,2008,2014,PAYEMS,-13,1763,0.7577189671634063
2008-2014,2008,2014,PAYEMS,-12,1763,0.755355003949511
2008-2014,2008,2014,PAYEMS,-11,1763,0.7529474970378356
2008-2014,2008,2014,PAYEMS,-10,1763,0.7505219442327852
2008-2014,2008,2014,PAYEMS,-9,1763,0.7481304865757754
2008-2014,2008,2014,PAYEMS,-8,1763,0.7456908455250738
2008-2014,2008,2014,PAYEMS,-7,1763,0.743200287958435
2008-2014,2008,2014,PAYEMS,-6,1763,0.7406987727912399
2008-2014,2008,2014,PAYEMS,-5,1763,0.7381351279118579
2008-2014,2008,2014,PAYEMS,-4,1763,0.7355626096082581
2008-2014,2008,2014,PAYEMS,-3,1763,0.7329801722482713
2008-2014,2008,2014,PAYEMS,-2,1763,0.7304628350380284
2008-2014,2008,2014,PAYEMS,-1,1763,0.727933111671651
2008-2014,2008,2014,PAYEMS,0,1763,0.7253681110629836
2008-2014,2008,2014,PAYEMS,1,1763,0.7228134209150378
2008-2014,2008,2014,PAYEMS,2,1763,0.7202918038858208
2008-2014,2008,2014,PAYEMS,3,1763,0.71776134439192
2008-2014,2008,2014,PAYEMS,4,1763,0.7151754417596062
2008-2014,2008,2014,PAYEMS,5,1763,0.7125798820417476
2008-2014,2008,2014,PAYEMS,6,1763,0.7099864745978298
2008-2014,2008,2014,PAYEMS,7,1763,0.7073799118918588
2008-2014,2008,2014,PAYEMS,8,1763,0.7047297571333349
2008-2014,2008,2014,PAYEMS,9,1763,0.7020764798368984
2008-2014,2008,2014,PAYEMS,10,1763,0.6994383321701282
2008-2014,2008,2014,PAYEMS,11,1763,0.6967859942064996
2008-2014,2008,2014,PAYEMS,12,1763,0.69413272008524
2008-2014,2008,2014,PAYEMS,13,1763,0.6914418396030555
2008-2014,2008,2014,PAYEMS,14,1763,0.6887536351260927
2009-2015,2009,2015,PAYEMS,-14,1762,0.9522614595365625
2009-2015,2009,2015,PAYEMS,-13,1762,0.951703001538033
2009-2015,2009,2015,PAYEMS,-12,1762,0.9511494971118768
2009-2015,2009,2015,PAYEMS,-11,1762,0.9505927859805864
2009-2015,2009,2015,PAYEMS,-10,1762,0.950014929826972
2009-2015,2009,2015,PAYEMS,-9,1762,0.9494479818365887
2009-2015,2009,2015,PAYEMS,-8,1762,0.9488541274519519
2009-2015,2009,2015,PAYEMS,-7,1762,0.9482318929082441
2009-2015,2009,2015,PAYEMS,-6,1762,0.9476154375911523
2009-2015,2009,2015,PAYEMS,-5,1762,0.946991334558201
2009-2015,2009,2015,PAYEMS,-4,1762,0.9463702632931884
2009-2015,2009,2015,PAYEMS,-3,1762,0.9457416610848717
2009-2015,2009,2015,PAYEMS,-2,1762,0.9451328389216008
2009-2015,2009,2015,PAYEMS,-1,1762,0.9445224217715609
2009-2015,2009,2015,PAYEMS,0,1762,0.9438887399176612
2009-2015,2009,2015,PAYEMS,1,1762,0.943091452501853
2009-2015,2009,2015,PAYEMS,2,1762,0.9423167593197521
2009-2015,2009,2015,PAYEMS,3,1762,0.9415416205904565
2009-2015,2009,2015,PAYEMS,4,1762,0.9407508871373871
2009-2015,2009,2015,PAYEMS,5,1762,0.9399583909858684
2009-2015,2009,2015,PAYEMS,6,1762,0.9391622754992721
2009-2015,2009,2015,PAYEMS,7,1762,0.9383718297294404
2009-2015,2009,2015,PAYEMS,8,1762,0.9375798327991106
2009-2015,2009,2015,PAYEMS,9,1762,0.9367861366068104
2009-2015,2009,2015,PAYEMS,10,1762,0.9359950537227655
2009-2015,2009,2015,PAYEMS,11,1762,0.9352107595755291
2009-2015,2009,2015,PAYEMS,12,1762,0.9344136614553734
2009-2015,2009,2015,PAYEMS,13,1762,0.9335970816358113
2009-2015,2009,2015,PAYEMS,14,1762,0.9327765889752556
2010-2016,2010,2016,PAYEMS,-14,1762,0.9767354915488968
2010-2016,2010,2016,PAYEMS,-13,1762,0.9767150600590676
2010-2016,2010,2016,PAYEMS,-12,1762,0.9766979763663984
2010-2016,2010,2016,PAYEMS,-11,1762,0.9766910319491174
2010-2016,2010,2016,PAYEMS,-10,1762,0.9766788694595832
2010-2016,2010,2016,PAYEMS,-9,1762,0.9766626894064138
2010-2016,2010,2016,PAYEMS,-8,1762,0.9766253086628124
2010-2016,2010,2016,PAYEMS,-7,1762,0.9765736270850467
2010-2016,2010,2016,PAYEMS,-6,1762,0.9765238102581733
2010-2016,2010,2016,PAYEMS,-5,1762,0.9764718988549643
2010-2016,2010,2016,PAYEMS,-4,1762,0.9764233897547239
2010-2016,2010,2016,PAYEMS,-3,1762,0.9763791629216931
2010-2016,2010,2016,PAYEMS,-2,1762,0.9763375851713078
2010-2016,2010,2016,PAYEMS,-1,1762,0.9762928163154999
2010-2016,2010,2016,PAYEMS,0,1762,0.9762359911918287
2010-2016,2010,2016,PAYEMS,1,1762,0.9761805203263697
2010-2016,2010,2016,PAYEMS,2,1762,0.9761324182161003
2010-2016,2010,2016,PAYEMS,3,1762,0.9760847109228806
2010-2016,2010,2016,PAYEMS,4,1762,0.9760300975931632
2010-2016,2010,2016,PAYEMS,5,1762,0.9759747086656787
2010-2016,2010,2016,PAYEMS,6,1762,0.9759173066545774
2010-2016,2010,2016,PAYEMS,7,1762,0.9758692436298203
2010-2016,2010,2016,PAYEMS,8,1762,0.9758154501070404
2010-2016,2010,2016,PAYEMS,9,1762,0.975772175651162
2010-2016,2010,2016,PAYEMS,10,1762,0.9757250403698045
2010-2016,2010,2016,PAYEMS,11,1762,0.9756818098650746
2010-2016,2010,2016,PAYEMS,12,1762,0.9756325591945928
2010-2016,2010,2016,PAYEMS,13,1762,0.9755689877391234
2010-2016,2010,2016,PAYEMS,14,1762,0.9755010743998231
2011-2017,2011,2017,PAYEMS,-14,1761,0.9763703184148669
2011-2017,2011,2017,PAYEMS,-13,1761,0.9763798403453011
2011-2017,2011,2017,PAYEMS,-12,1761,0.9763913704310231
2011-2017,2011,2017,PAYEMS,-11,1761,0.976412352662481
2011-2017,2011,2017,PAYEMS,-10,1761,0.9764293989246267
2011-2017,2011,2017,PAYEMS,-9,1761,0.9764419685625632
2011-2017,2011,2017,PAYEMS,-8,1761,0.9764382381644107
2011-2017,2011,2017,PAYEMS,-7,1761,0.9764237665526954
2011-2017,2011,2017,PAYEMS,-6,1761,0.9764112186907624
2011-2017,2011,2017,PAYEMS,-5,1761,0.9763993275043162
2011-2017,2011,2017,PAYEMS,-4,1761,0.9763912925343314
2011-2017,2011,2017,PAYEMS,-3,1761,0.976385366667302
2011-2017,2011,2017,PAYEMS,-2,1761,0.9763781124510065
2011-2017,2011,2017,PAYEMS,-1,1761,0.9763682974956909
2011-2017,2011,2017,PAYEMS,0,1761,0.9763492480904631
2011-2017,2011,2017,PAYEMS,1,1761,0.9763383953582585
2011-2017,2011,2017,PAYEMS,2,1761,0.9763327009430215
2011-2017,2011,2017,PAYEMS,3,1761,0.9763243530068153
2011-2017,2011,2017,PAYEMS,4,1761,0.9763131604170825
2011-2017,2011,2017,PAYEMS,5,1761,0.9762965467881902
2011-2017,2011,2017,PAYEMS,6,1761,0.976282131380006
2011-2017,2011,2017,PAYEMS,7,1761,0.9762755457236701
2011-2017,2011,2017,PAYEMS,8,1761,0.9762635970581511
2011-2017,2011,2017,PAYEMS,9,1761,0.9762638556431628
2011-2017,2011,2017,PAYEMS,10,1761,0.9762578007993072
2011-2017,2011,2017,PAYEMS,11,1761,0.976254055168674
2011-2017,2011,2017,PAYEMS,12,1761,0.9762391995231777
2011-2017,2011,2017,PAYEMS,13,1761,0.9762093929548391
2011-2017,2011,2017,PAYEMS,14,1761,0.9761761522906103
2012-2018,2012,2018,PAYEMS,-14,1760,0.9725905094345205
2012-2018,2012,2018,PAYEMS,-13,1760,0.9725940384635905
2012-2018,2012,2018,PAYEMS,-12,1760,0.9725994743477233
2012-2018,2012,2018,PAYEMS,-11,1760,0.9726098293608816
2012-2018,2012,2018,PAYEMS,-10,1760,0.9726227611854859
2012-2018,2012,2018,PAYEMS,-9,1760,0.9726268025359955
2012-2018,2012,2018,PAYEMS,-8,1760,0.9726134069871782
2012-2018,2012,2018,PAYEMS,-7,1760,0.9725962603281979
2012-2018,2012,2018,PAYEMS,-6,1760,0.9725801601794666
2012-2018,2012,2018,PAYEMS,-5,1760,0.9725685561779087
2012-2018,2012,2018,PAYEMS,-4,1760,0.9725691764402778
2012-2018,2012,2018,PAYEMS,-3,1760,0.9725761750319443
2012-2018,2012,2018,PAYEMS,-2,1760,0.972574280901705
2012-2018,2012,2018,PAYEMS,-1,1760,0.9725707468879804
2012-2018,2012,2018,PAYEMS,0,1760,0.9725597082637146
2012-2018,2012,2018,PAYEMS,1,1760,0.9725423995663282
2012-2018,2012,2018,PAYEMS,2,1760,0.972529099650885
2012-2018,2012,2018,PAYEMS,3,1760,0.9725238860189417
2012-2018,2012,2018,PAYEMS,4,1760,0.9725244170923588
2012-2018,2012,2018,PAYEMS,5,1760,0.9725105711846962
2012-2018,2012,2018,PAYEMS,6,1760,0.9724955502575221
2012-2018,2012,2018,PAYEMS,7,1760,0.9724880333332155
2012-2018,2012,2018,PAYEMS,8,1760,0.9724720071111588
2012-2018,2012,2018,PAYEMS,9,1760,0.972469268395262
2012-2018,2012,2018,PAYEMS,10,1760,0.9724642961918525
2012-2018,2012,2018,PAYEMS,11,1760,0.9724611753928817
2012-2018,2012,2018,PAYEMS,12,1760,0.9724442863630317
2012-2018,2012,2018,PAYEMS,13,1760,0.9724174295590524
2012-2018,2012,2018,PAYEMS,14,1760,0.9723902417052772
2013-2019,2013,2019,PAYEMS,-14,1762,0.9667918568834432
2013-2019,2013,2019,PAYEMS,-13,1762,0.9668001637509105
2013-2019,2013,2019,PAYEMS,-12,1762,0.9668065622492749
2013-2019,2013,2019,PAYEMS,-11,1762,0.9668174674731126
2013-2019,2013,2019,PAYEMS,-10,1762,0.9668260968453485
2013-2019,2013,2019,PAYEMS,-9,1762,0.9668247796772698
2013-2019,2013,2019,PAYEMS,-8,1762,0.9668050751954136
2013-2019,2013,2019,PAYEMS,-7,1762,0.966783217700569
2013-2019,2013,2019,PAYEMS,-6,1762,0.9667601317219887
2013-2019,2013,2019,PAYEMS,-5,1762,0.9667388695358012
2013-2019,2013,2019,PAYEMS,-4,1762,0.9667330212467754
2013-2019,2013,2019,PAYEMS,-3,1762,0.9667319746586117
2013-2019,2013,2019,PAYEMS,-2,1762,0.9667225065218106
2013-2019,2013,2019,PAYEMS,-1,1762,0.9667116680321908
2013-2019,2013,2019,PAYEMS,0,1762,0.9666947107042234
2013-2019,2013,2019,PAYEMS,1,1762,0.9667039318170856
2013-2019,2013,2019,PAYEMS,2,1762,0.9667158135417777
2013-2019,2013,2019,PAYEMS,3,1762,0.9667353963458003
2013-2019,2013,2019,PAYEMS,4,1762,0.9667588593031953
2013-2019,2013,2019,PAYEMS,5,1762,0.9667643637182599
2013-2019,2013,2019,PAYEMS,6,1762,0.9667683002203008
2013-2019,2013,2019,PAYEMS,7,1762,0.9667764165844288
2013-2019,2013,2019,PAYEMS,8,1762,0.9667737331665218
2013-2019,2013,2019,PAYEMS,9,1762,0.9667839871435663
2013-2019,2013,2019,PAYEMS,10,1762,0.966791337725337
2013-2019,2013,2019,PAYEMS,11,1762,0.9667971885826219
2013-2019,2013,2019,PAYEMS,12,1762,0.9667890751568541
2013-2019,2013,2019,PAYEMS,13,1762,0.9667659601390352
2013-2019,2013,2019,PAYEMS,14,1762,0.966743020384111
2014-2020,2014,2020,PAYEMS,-14,1763,0.4522511644846149
2014-2020,2014,2020,PAYEMS,-13,1763,0.4518449919167702
2014-2020,2014,2020,PAYEMS,-12,1763,0.45168818053161236
2014-2020,2014,2020,PAYEMS,-11,1763,0.45068326656221186
2014-2020,2014,2020,PAYEMS,-10,1763,0.4498333453861457
2014-2020,2014,2020,PAYEMS,-9,1763,0.44852660343394335
2014-2020,2014,2020,PAYEMS,-8,1763,0.44723324829523936
2014-2020,2014,2020,PAYEMS,-7,1763,0.4461910144126452
2014-2020,2014,2020,PAYEMS,-6,1763,0.44447108591377954
2014-2020,2014,2020,PAYEMS,-5,1763,0.4429899234555455
2014-2020,2014,2020,PAYEMS,-4,1763,0.4420110148150474
2014-2020,2014,2020,PAYEMS,-3,1763,0.44116345411868374
2014-2020,2014,2020,PAYEMS,-2,1763,0.4403786076598945
2014-2020,2014,2020,PAYEMS,-1,1763,0.4396673566835942
2014-2020,2014,2020,PAYEMS,0,1763,0.43911219955598063
2014-2020,2014,2020,PAYEMS,1,1763,0.43813305584653284
2014-2020,2014,2020,PAYEMS,2,1763,0.4370408586576796
2014-2020,2014,2020,PAYEMS,3,1763,0.43609068152427893
2014-2020,2014,2020,PAYEMS,4,1763,0.43545308209514366
2014-2020,2014,2020,PAYEMS,5,1763,0.4354602704191412
2014-2020,2014,2020,PAYEMS,6,1763,0.4350444632812334
2014-2020,2014,2020,PAYEMS,7,1763,0.43509133575633724
2014-2020,2014,2020,PAYEMS,8,1763,0.435050120269516
2014-2020,2014,2020,PAYEMS,9,1763,0.4352747163804415
2014-2020,2014,2020,PAYEMS,10,1763,0.4354023064333207
2014-2020,2014,2020,PAYEMS,11,1763,0.435624154437571
2014-2020,2014,2020,PAYEMS,12,1763,0.4358822240978017
2014-2020,2014,2020,PAYEMS,13,1763,0.4359736688555293
2014-2020,2014,2020,PAYEMS,14,1763,0.43586601730367575
2015-2021,2015,2021,PAYEMS,-14,1763,0.2459115739115079
2015-2021,2015,2021,PAYEMS,-13,1763,0.24368470713752263
2015-2021,2015,2021,PAYEMS,-12,1763,0.2416463919916665
2015-2021,2015,2021,PAYEMS,-11,1763,0.23896461925107867
2015-2021,2015,2021,PAYEMS,-10,1763,0.2363758345847344
2015-2021,2015,2021,PAYEMS,-9,1763,0.23346766068470254
2015-2021,2015,2021,PAYEMS,-8,1763,0.23059129928388994
2015-2021,2015,2021,PAYEMS,-7,1763,0.22791003995051054
2015-2021,2015,2021,PAYEMS,-6,1763,0.2246874201896388
2015-2021,2015,2021,PAYEMS,-5,1763,0.22162250126911123
2015-2021,2015,2021,PAYEMS,-4,1763,0.21894013008112254
2015-2021,2015,2021,PAYEMS,-3,1763,0.2163451907009226
2015-2021,2015,2021,PAYEMS,-2,1763,0.21380851762121683
2015-2021,2015,2021,PAYEMS,-1,1763,0.21132199413757244
2015-2021,2015,2021,PAYEMS,0,1763,0.2089715844870136
2015-2021,2015,2021,PAYEMS,1,1763,0.2062810143706815
2015-2021,2015,2021,PAYEMS,2,1763,0.2035038470843747
2015-2021,2015,2021,PAYEMS,3,1763,0.20083141900325788
2015-2021,2015,2021,PAYEMS,4,1763,0.19839838661230877
2015-2021,2015,2021,PAYEMS,5,1763,0.19642825642651557
2015-2021,2015,2021,PAYEMS,6,1763,0.19411253209962492
2015-2021,2015,2021,PAYEMS,7,1763,0.1921548023486023
2015-2021,2015,2021,PAYEMS,8,1763,0.1901285723269454
2015-2021,2015,2021,PAYEMS,9,1763,0.18830100568951924
2015-2021,2015,2021,PAYEMS,10,1763,0.18640249601961303
2015-2021,2015,2021,PAYEMS,11,1763,0.18454824235477268
2015-2021,2015,2021,PAYEMS,12,1763,0.18273215855231187
2015-2021,2015,2021,PAYEMS,13,1763,0.18081862667177723
2015-2021,2015,2021,PAYEMS,14,1763,0.17875603682501728
2016-2022,2016,2022,PAYEMS,-14,1762,0.31869992508678935
2016-2022,2016,2022,PAYEMS,-13,1762,0.3161025477525089
2016-2022,2016,2022,PAYEMS,-12,1762,0.31367581809722217
2016-2022,2016,2022,PAYEMS,-11,1762,0.3106759115551954
2016-2022,2016,2022,PAYEMS,-10,1762,0.30777182314110213
2016-2022,2016,2022,PAYEMS,-9,1762,0.3045948199809646
2016-2022,2016,2022,PAYEMS,-8,1762,0.30144986126093226
2016-2022,2016,2022,PAYEMS,-7,1762,0.2984780203098177
2016-2022,2016,2022,PAYEMS,-6,1762,0.2950394486641216
2016-2022,2016,2022,PAYEMS,-5,1762,0.2917517505278753
2016-2022,2016,2022,PAYEMS,-4,1762,0.28880169214256085
2016-2022,2016,2022,PAYEMS,-3,1762,0.28589496723968083
2016-2022,2016,2022,PAYEMS,-2,1762,0.28306101397800965
2016-2022,2016,2022,PAYEMS,-1,1762,0.2802579724351418
2016-2022,2016,2022,PAYEMS,0,1762,0.27755984718548776
2016-2022,2016,2022,PAYEMS,1,1762,0.2745211165699524
2016-2022,2016,2022,PAYEMS,2,1762,0.2713970066243967
2016-2022,2016,2022,PAYEMS,3,1762,0.2683600457638372
2016-2022,2016,2022,PAYEMS,4,1762,0.2655373018322204
2016-2022,2016,2022,PAYEMS,5,1762,0.263132747092229
2016-2022,2016,2022,PAYEMS,6,1762,0.2604294205683342
2016-2022,2016,2022,PAYEMS,7,1762,0.2580353934889952
2016-2022,2016,2022,PAYEMS,8,1762,0.25560139138519294
2016-2022,2016,2022,PAYEMS,9,1762,0.2533556401848243
2016-2022,2016,2022,PAYEMS,10,1762,0.25104270263675704
2016-2022,2016,2022,PAYEMS,11,1762,0.24876128498098712
2016-2022,2016,2022,PAYEMS,12,1762,0.24650817113520326
2016-2022,2016,2022,PAYEMS,13,1762,0.24416432900279195
2016-2022,2016,2022,PAYEMS,14,1762,0.24168795272403099
2017-2023,2017,2023,PAYEMS,-14,1760,0.4263958083214007
2017-2023,2017,2023,PAYEMS,-13,1760,0.4239725351980601
2017-2023,2017,2023,PAYEMS,-12,1760,0.42169633387330474
2017-2023,2017,2023,PAYEMS,-11,1760,0.4189131822961566
2017-2023,2017,2023,PAYEMS,-10,1760,0.41620541224766505
2017-2023,2017,2023,PAYEMS,-9,1760,0.4132595638561294
2017-2023,2017,2023,PAYEMS,-8,1760,0.41034270952699947
2017-2023,2017,2023,PAYEMS,-7,1760,0.4075770288886602
2017-2023,2017,2023,PAYEMS,-6,1760,0.4044025559319041
2017-2023,2017,2023,PAYEMS,-5,1760,0.4013637929647358
2017-2023,2017,2023,PAYEMS,-4,1760,0.39862142554066265
2017-2023,2017,2023,PAYEMS,-3,1760,0.39591391623372957
2017-2023,2017,2023,PAYEMS,-2,1760,0.39327102201731656
2017-2023,2017,2023,PAYEMS,-1,1760,0.39065293535962237
2017-2023,2017,2023,PAYEMS,0,1760,0.3881247450927873
2017-2023,2017,2023,PAYEMS,1,1760,0.38530075714924306
2017-2023,2017,2023,PAYEMS,2,1760,0.38239713407392684
2017-2023,2017,2023,PAYEMS,3,1760,0.37957389768724514
2017-2023,2017,2023,PAYEMS,4,1760,0.3769415001758799
2017-2023,2017,2023,PAYEMS,5,1760,0.3746747874969922
2017-2023,2017,2023,PAYEMS,6,1760,0.37214020695755134
2017-2023,2017,2023,PAYEMS,7,1760,0.36986940953117575
2017-2023,2017,2023,PAYEMS,8,1760,0.3675661459997952
2017-2023,2017,2023,PAYEMS,9,1760,0.36542582540716345
2017-2023,2017,2023,PAYEMS,10,1760,0.36321840581535625
2017-2023,2017,2023,PAYEMS,11,1760,0.3610395120199891
2017-2023,2017,2023,PAYEMS,12,1760,0.35889106610195
2017-2023,2017,2023,PAYEMS,13,1760,0.35666496216009663
2017-2023,2017,2023,PAYEMS,14,1760,0.3543243931677554
2018-2024,2018,2024,PAYEMS,-14,1761,0.5909409632086545
2018-2024,2018,2024,PAYEMS,-13,1761,0.5892894901320678
2018-2024,2018,2024,PAYEMS,-12,1761,0.5877430368767254
2018-2024,2018,2024,PAYEMS,-11,1761,0.5858338453779787
2018-2024,2018,2024,PAYEMS,-10,1761,0.5839792451828707
2018-2024,2018,2024,PAYEMS,-9,1761,0.5819550846243697
2018-2024,2018,2024,PAYEMS,-8,1761,0.5799515786813938
2018-2024,2018,2024,PAYEMS,-7,1761,0.5780574253610418
2018-2024,2018,2024,PAYEMS,-6,1761,0.5758688216967688
2018-2024,2018,2024,PAYEMS,-5,1761,0.5737757923485101
2018-2024,2018,2024,PAYEMS,-4,1761,0.5718956597123541
2018-2024,2018,2024,PAYEMS,-3,1761,0.5700419137474287
2018-2024,2018,2024,PAYEMS,-2,1761,0.5682358802475547
2018-2024,2018,2024,PAYEMS,-1,1761,0.5664475210263198
2018-2024,2018,2024,PAYEMS,0,1761,0.5647257434372351
2018-2024,2018,2024,PAYEMS,1,1761,0.5627603318657891
2018-2024,2018,2024,PAYEMS,2,1761,0.5607398988845986
2018-2024,2018,2024,PAYEMS,3,1761,0.558776330090279
2018-2024,2018,2024,PAYEMS,4,1761,0.5569461050960638
2018-2024,2018,2024,PAYEMS,5,1761,0.5553787490772802
2018-2024,2018,2024,PAYEMS,6,1761,0.5536175751984352
2018-2024,2018,2024,PAYEMS,7,1761,0.5520464355798943
2018-2024,2018,2024,PAYEMS,8,1761,0.5504494564583253
2018-2024,2018,2024,PAYEMS,9,1761,0.5489693708755949
2018-2024,2018,2024,PAYEMS,10,1761,0.5474419515932714
2018-2024,2018,2024,PAYEMS,11,1761,0.5459367969454332
2018-2024,2018,2024,PAYEMS,12,1761,0.5444556056855718
2018-2024,2018,2024,PAYEMS,13,1761,0.5429188291621019
2018-2024,2018,2024,PAYEMS,14,1761,0.5413015274394131
2019-2025,2019,2025,PAYEMS,-14,1661,0.6708307819561095
2019-2025,2019,2025,PAYEMS,-13,1662,0.6695593417729104
2019-2025,2019,2025,PAYEMS,-12,1663,0.6683742127412947
2019-2025,2019,2025,PAYEMS,-11,1664,0.6668775047353482
2019-2025,2019,2025,PAYEMS,-10,1665,0.6654275404222973
2019-2025,2019,2025,PAYEMS,-9,1666,0.6638428613487796
2019-2025,2019,2025,PAYEMS,-8,1667,0.6622858830803572
2019-2025,2019,2025,PAYEMS,-7,1668,0.6608419051134794
2019-2025,2019,2025,PAYEMS,-6,1669,0.6591495241579075
2019-2025,2019,2025,PAYEMS,-5,1670,0.6575461729557103
2019-2025,2019,2025,PAYEMS,-4,1671,0.6561255470726126
2019-2025,2019,2025,PAYEMS,-3,1672,0.6547387022697038
2019-2025,2019,2025,PAYEMS,-2,1673,0.6534018976049154
2019-2025,2019,2025,PAYEMS,-1,1674,0.6520831756193671
2019-2025,2019,2025,PAYEMS,0,1675,0.6508328670656707
2019-2025,2019,2025,PAYEMS,1,1675,0.6491458779229787
2019-2025,2019,2025,PAYEMS,2,1675,0.6474101127983382
2019-2025,2019,2025,PAYEMS,3,1675,0.645722613467816
2019-2025,2019,2025,PAYEMS,4,1675,0.6441528788173044
2019-2025,2019,2025,PAYEMS,5,1675,0.642821992079116
2019-2025,2019,2025,PAYEMS,6,1675,0.6413180299291835
2019-2025,2019,2025,PAYEMS,7,1675,0.6399833980444835
2019-2025,2019,2025,PAYEMS,8,1675,0.6386245756625553
2019-2025,2019,2025,PAYEMS,9,1675,0.6373691538312172
2019-2025,2019,2025,PAYEMS,10,1675,0.6360698221447652
2019-2025,2019,2025,PAYEMS,11,1675,0.6347907713336749
2019-2025,2019,2025,PAYEMS,12,1675,0.6335342478271969
2019-2025,2019,2025,PAYEMS,13,1675,0.6322292631402563
2019-2025,2019,2025,PAYEMS,14,1675,0.6308533442300398
